Name,Coordinates
Shinano,"37.2825811,138.832839;37.3801895,138.8111114;37.641988,138.944453;37.815637,139.063449;36.998399,138.616286;37.048242,138.673465;37.4974405,138.8494824;37.135228,138.735976;37.835752,139.040329;37.224886,138.780807;37.267074,138.851382;37.898496,139.014586;37.73019,139.061831;37.630922,138.925826;37.689621,139.030672;37.5432,138.82713;37.3076443,138.8016502;37.135858,138.736519;37.228212,138.781246;36.996589,138.615986;37.0458203,138.6699743;36.988964,138.572779;36.975826,138.548796;36.6849238,138.2800588;36.776491,138.333096;36.804121,138.35665;36.933707,138.416916;36.979939,138.493616;36.4567303,138.181306;36.560464,138.156864;36.6612418,138.26944;36.1830863,138.4829112;36.2545102,138.4181132;36.3240391,138.4133412;36.3410271,138.3424132;36.3892606,138.2533311;36.390041,138.2529271"
Tone,"35.869608,140.127366;35.947173,139.933314;35.918321,140.460789;35.843388,140.152145;35.843949,140.149871;35.5744795,138.4251886;36.821812,139.044464;37.042225,139.105774;36.561218,139.039429;36.517696,139.026184;36.804077,139.016891;36.885788,139.056473;36.747814,138.978485;36.6723768,139.000163;36.554199,139.036957;36.7719535,138.9711672;37.049686,139.108383;36.860058,139.058731;36.780418,138.96701;36.5001763,139.0167078;36.746433,138.982727;36.2302705,139.3962122;36.5677203,139.0457716;37.017445,139.121552;36.336975,139.07579;37.037502,139.113068;35.73891,140.835928;35.897201,140.574488;35.864497,140.316388;35.890995,140.05396;35.964562,139.924096;36.2097499,139.5827687;36.3136113,139.1242337;36.426819,139.033035;36.509762,139.019928;36.536339,139.027084;36.557854,139.042252;36.574944,139.050842;36.6305358,139.0390121;36.730946,138.980637;36.7914283,138.9855068;36.805359,139.032425;36.849823,139.057541;36.943993,139.095306;36.993488,139.114746;37.003887,139.119034;37.009083,139.119476;37.028545,139.115921;37.040359,139.107712;37.050636,139.108536;37.044281,139.106049"
Ishikari,"43.80647,142.8764683;43.7279895,142.9475062;43.8273212,142.8046433;43.8522085,142.6971936;43.8394985,142.7819379;43.8498778,142.7249369;43.8419914,142.7623591;43.7161103,142.985635;43.7061324,143.0079269;43.7827494,142.2903135;43.869868,142.5045482;43.8126549,142.4099627;43.7798668,142.3643633;43.7544933,142.26966;43.8351145,142.4509044;43.5126158,141.8979418;43.7207396,142.1733873;43.7141249,142.0489533;43.7106709,142.0690098;43.708221,142.0883451;43.7227085,142.144579;43.6295004,141.9062397;43.3074842,141.6642814;43.1243716,141.5418142;43.2287843,141.3530331;43.5854604,142.9848919;43.6253474,143.0065026;43.6558158,143.0460105;43.704727,143.0094274;43.7271386,142.9515738;43.7689792,142.9089044;43.8249695,142.8205475;43.8441979,142.7502417;43.856929,142.7008129;43.8994987,142.6307914;43.8835511,142.5154455;43.8347331,142.4493982;43.794738,142.3858958;43.7866826,142.319047;43.7542441,142.2564222;43.7293527,142.2224409;43.7273886,142.1710076;43.7262399,142.1431589;43.7055306,142.0748162;43.6743139,142.0114812;43.6279141,141.8943383;43.5731621,141.8803607;43.3903995,141.8217311;43.2804508,141.6560597;43.1165825,141.574824;43.2515565,141.3632921"
Teshio,"44.688203,142.2593262;44.5300293,142.3348954;44.5282983,142.3306544;44.5726423,142.3249691;44.7315009,142.1782222;44.1272596,142.6564841;44.0184144,142.7161444;44.1495554,142.4416095;44.1157717,142.6985227;44.0270837,142.7105861;44.1298791,142.4772015;44.3520978,142.4387619;44.2047426,142.3731614;44.2360636,142.3570007;44.3337529,142.4282953;44.4572994,142.3387164;44.7301176,142.1028809;44.7419254,142.1852156;44.6356593,142.2720459;44.5526942,142.3328964;44.4869105,142.3312125;44.4329276,142.4423215;44.3336436,142.416924;44.2313821,142.3570447;44.155663,142.4373901;44.1248229,142.5108119;44.113079,142.6023156;44.1268756,142.6724755;44.0696192,142.7328525;44.0224106,142.7135039;43.9842289,142.744602;43.9804298,142.8265214;43.9771453,142.8716303"
Kitakami,"39.7820609,141.1676318;38.975916,141.135619;39.485365,141.152065;39.542815,141.176575;39.517977,141.187477;39.178198,141.143803;39.9045319,141.1964797;40.008333,141.239667;38.856168,141.258716;38.93012,141.224034;40.043435,141.236899;39.41993,141.171615;39.723262,141.128178;40.024105,141.236343;39.830283,141.151171;39.0068898,141.1190346;39.785564,141.166664;39.431884,141.161437;39.300643,141.148849;38.762763,141.273914;38.558111,141.300916;38.69159,141.28965;38.59613,141.3017;38.711958,141.267242;38.775314,141.266392;38.525702,141.345114;38.553649,141.305374;38.581886,141.301313;38.653951,141.285786;38.718657,141.285235;38.730689,141.267439;38.829464,141.257514;38.901191,141.259245;38.926178,141.228187;38.9685028,141.1598259;39.013463,141.123316;39.151485,141.168602;39.298189,141.148374;39.383448,141.129336;39.448074,141.152709;39.488886,141.15218;39.554189,141.17504;39.626411,141.181975;39.7296823,141.1312279;39.807427,141.153303;39.8880123,141.1926342;39.938827,141.210304;39.98388,141.226332;40.017297,141.236738;39.597122,141.197522"
Abukuma,"38.0670921,140.8150335;38.061914,140.90737;37.911181,140.663375;37.934929,140.707992;37.93748,140.792993;37.385912,140.39945;37.153234,140.142828;37.413149,140.408772;37.414121,140.409744;37.159841,140.397879;37.1770899,140.0548194;37.644525,140.516686;37.272638,140.4070216;37.1294458,140.2927838;37.1162789,140.242919;37.245612,140.400684;37.464652,140.415412;37.32462,140.379093;37.550047,140.431255;37.391931,140.409668;37.1406849,140.1938817;37.503007,140.404525;37.1589677,140.1080927;37.1773929,140.0107054;37.750159,140.470185;38.0480421,140.9243942;38.073621,140.820179;37.975851,140.800061;37.935292,140.706728;37.91255,140.677453;37.8839571,140.6277204;37.762294,140.488898;37.694739,140.496612;37.6485423,140.5121743;37.605695,140.519292;37.58355,140.452888;37.553102,140.434839;37.486005,140.408302;37.464503,140.413775;37.392831,140.41015;37.377281,140.38854;37.344206,140.375199;37.319738,140.379956;37.274474,140.4091486;37.224118,140.396389;37.148364,140.381197;37.1212912,140.2353767;37.1568514,140.1139909;37.1771519,140.0226024;37.1716039,140.0762334"
Mogami,"38.68354,140.25189;38.9203078,139.815204;38.622549,140.346732;38.328843,140.165571;38.718819,140.215463;38.766797,140.053964;38.663557,140.286234;38.634219,140.329743;38.746157,140.123037;38.0639039,140.072112;38.28964,140.128083;38.4471356,140.3293739;38.306833,140.138576;38.0477905,140.0755463;38.226505,140.094318;38.764851,140.057746;38.3162583,140.1589784;38.27434,140.126532;38.005278,140.137774;37.911536,140.11835;38.3468591,140.1901828;38.43997,140.328331;38.668062,140.331363;38.242278,140.092833;38.258627,140.107767;37.8919948,140.1219374;37.9646909,140.138855;38.025672,140.1147049;38.1048386,140.0455585;38.2186223,140.0958272;38.241641,140.092119;38.258139,140.107491;38.27337,140.123651;38.295055,140.126195;38.311226,140.155409;38.33038,140.163785;38.3627475,140.2090132;38.3981663,140.3264369;38.515602,140.35302;38.562597,140.384527;38.601854,140.348804;38.63332,140.327802;38.657665,140.341396;38.675895,140.317744;38.664269,140.279422;38.701727,140.234031;38.728813,140.215684;38.739866,140.142109;38.76893,140.044425;38.8761942,139.8680316"
Kiso,"35.474454,137.347227;35.366903,136.812077;35.18738,136.678991;35.3067506,136.7316971;35.422778,136.978727;35.424947,137.005445;35.587131,137.548101;35.528767,137.533849;35.479486,137.384148;35.465697,137.102074;35.450953,137.275694;35.444346,137.062609;35.37835,136.920162;35.388541,136.935177;35.866201,137.725672;35.8633923,137.7211568;35.8586287,137.7163616;35.874851,137.744072;35.918845,137.769724;35.605818,137.6081895;35.641354,137.612551;35.638419,137.613324;35.8575875,137.7110454;35.124795,136.693548;35.327991,136.743775;35.279756,136.706778;35.379814,136.926165;35.409331,136.962558;35.430897,137.006618;35.443564,137.064752;35.469347,137.159936;35.460634,137.244341;35.475158,137.317557;35.486064,137.410756;35.5871325,137.5524364;35.538164,137.536786;35.633099,137.614869;35.6826304,137.6481807;35.721821,137.710883;35.772268,137.699906;35.807287,137.687283;35.834414,137.683727;35.8715314,137.738975;35.913178,137.769036;35.934052,137.782051;35.974015,137.769522;36.0105072,137.7699769;36.041972,137.777945;36.062161,137.764661"
Agano,"37.720681,139.380449;37.746371,139.232839;37.694964,139.582633;37.808383,139.15515;37.7439073,139.2602202;37.709313,139.560364;37.7356748,139.3005557;37.711307,139.474501;37.701001,139.48975;37.678168,139.571953;37.860089,139.169867;37.7600909,139.2187738;37.739713,139.312359;37.714291,139.358579;37.698956,139.390009;37.706173,139.478585;37.713179,139.518117;37.709451,139.56291;37.67938,139.572603;37.653518,139.622644;37.609409,139.65272;37.61306,139.703055;37.635315,139.73899;37.612619,139.807766;37.5935325,139.850168;37.5263436,139.8756627;37.502196,139.8856576;37.4808013,139.8970548;37.4069935,139.9161863;37.382411,139.92557;37.356639,139.91468;37.365611,139.906496;37.353377,139.918698;37.3488294,139.915593;37.313215,139.899557;37.303092,139.89714;37.2794179,139.9041104;37.2613633,139.8802638;37.251273,139.867251;37.237075,139.849076;37.2150862,139.7986855;37.2085821,139.7677974;37.1926197,139.7576718;37.1527394,139.7290352;37.131804,139.7143139;37.1128192,139.7182554;37.106846,139.716157;37.0876757,139.7001823;37.065329,139.670128;37.044482,139.647317;37.059753,139.65894"
Tenryu,"34.9410202,137.8356132;34.8701168,137.8082619;34.7619604,137.8209277;35.174055,137.812823;35.13635,137.797209;35.0765314,137.7994956;35.2381078,137.8350962;35.397638,137.809558;35.3538041,137.8327927;35.6376845,137.9350964;35.7981361,137.948144;35.212439,137.838272;35.306911,137.842963;35.5103193,137.8629339;36.51046,139.058975;36.499367,139.027634;35.6733042,137.9500892;36.02783,138.015262;35.9782335,137.9947727;35.9220365,137.992506;35.8124517,137.9444282;35.079057,137.840141;35.0158243,137.836488;34.944201,137.8324958;35.4424248,137.8176798;36.042125,138.028143;35.9896029,138.0032842;35.941697,137.989651;35.842002,137.963602;35.74526,137.966578;35.6732996,137.9520499;35.6019817,137.933018;35.472578,137.840663;35.434849,137.818832;35.408745,137.81698;35.373477,137.813967;35.316239,137.836791;35.274091,137.847853;35.227646,137.822944;35.187968,137.807636;35.138338,137.812283;35.084916,137.790387;35.079662,137.823103;35.03633,137.850338;34.9589976,137.8399099;34.902379,137.817497;34.7947761,137.8202048;35.4977442,137.8624168"
Kinugawa,"36.254457,139.888053;36.2940549,139.908245;36.127379,139.957035;35.9738639,139.9542289;35.986093,139.972321;36.880693,139.458873;36.8736297,139.4030067;36.869226,139.701154;36.870785,139.629338;36.8837006,139.6520796;36.862983,139.544125;36.8145497,139.7089127;36.8922472,139.658721;36.86941,139.613825;36.594844,139.967527;36.866474,139.591667;36.736559,139.82254;36.8772346,139.6450762;36.878733,139.4797922;36.878331,139.431209;36.866105,139.585027;36.891606,139.705503;36.7761408,139.7132756;36.449949,139.943376;36.8665974,139.390811;36.789769,139.703754;35.93933,139.948714;36.0118229,139.9737006;36.137561,139.9532397;36.225421,139.910535;36.4741738,139.9638926;36.6023791,139.9719635;36.6945729,139.9342304;36.768768,139.750644;36.813319,139.708402;36.8366071,139.7210851;36.863974,139.71312;36.8649451,139.7121891;36.8980321,139.6976423;36.901813,139.675887;36.881072,139.650811;36.8692165,139.6248337;36.8689203,139.6239755;36.865566,139.583972;36.864256,139.550482;36.874386,139.521654;36.8794659,139.46712;36.880001,139.438103;36.8734997,139.4014307;36.867684,139.392801;36.858143,139.375522"
Oi,"34.941409,137.573598;35.138756,138.14702;35.1976461,138.2022175;35.278306,138.223114;35.515543,138.245828;34.893459,138.114576;35.159738,138.17468;35.563774,138.230936;35.579935,138.218571;35.109568,138.140106;35.436646,138.214166;35.132202,138.157166;35.53681,138.248943;35.117918,138.142564;35.382203,138.208552;35.274499,138.225906;35.314512,138.190894;35.1951181,138.1831506;35.1986478,138.2056579;35.264019,138.234107;35.620874,138.212452;35.4099857,136.3220239;34.9181996,138.0865614;34.989777,138.076542;35.074656,138.102399;35.108236,138.127449;35.138295,138.146745;35.153958,138.146969;35.170574,138.185051;35.164447,138.160158;35.207863,138.207735;35.273824,138.225925;35.2831773,138.2214524;35.297027,138.220596;35.366872,138.198344;35.405678,138.205066;35.4472098,138.2189852;35.4888049,138.2416545;35.549454,138.246525;35.5524362,138.2353705;35.591357,138.214639;35.627203,138.215967"
Naka,"36.352427,140.560713;36.4481648,140.4235912;36.39936,140.4563;36.5255002,140.3624615;36.3361125,140.5908817;36.7170094,140.1537818;37.0250785,140.0086356;37.053254,139.936438;37.1344289,139.9273127;36.787677,140.132061;36.9873588,140.0406347;36.690966,140.1696456;36.5659276,140.2387839;37.1425489,139.9338147;36.591495,140.187538;36.88838,140.1205418;36.598954,140.174393;36.9257605,140.1124979;37.1468047,139.9533862;37.1238814,139.9161117;36.363232,140.543565;36.3787118,140.4960883;36.472428,140.410213;36.49237,140.393739;36.551549,140.323094;36.566382,140.237056;36.58261,140.193086;36.6172801,140.1667506;36.68705,140.169927;36.748465,140.137662;36.831944,140.126399;36.8927477,140.1245576;36.9308336,140.1127293;36.9862915,140.0468113;37.0351776,139.9945672;37.0470181,139.9509148;37.0722791,139.9161964;37.11469,139.900328;37.1234474,139.9172007;37.1365416,139.9271017;37.1465374,139.9519054"
Chikugo,"33.180138,130.352542;32.0591568,131.3936862;33.080445,131.128343;33.1586605,131.0453103;33.089814,131.098335;33.10096,131.0949;33.1321949,131.0594025;33.0772292,131.1460362;33.080892,131.135826;33.086188,131.109956;33.1166853,131.0868983;33.1212531,131.067541;33.281112,130.953093;33.186176,131.0281951;33.237837,130.987161;33.2577837,130.9705816;33.26818,130.959593;33.296571,130.951988;33.298218,130.95098;33.33003,130.85414;33.334255,130.588687;33.360457,130.812261;33.367188,130.717459;33.354102,130.77663;33.362229,130.655594;33.086495,131.165392;33.078357,131.157701;33.0764242,131.1472302;33.0791861,131.1359928;33.083602,131.119211;33.089089,131.105038;33.096955,131.094;33.113276,131.0885956;33.1194304,131.0748247;33.1403107,131.052766;33.162944,131.044469;33.1858872,131.0280348;33.1951719,130.9946266;33.2203201,130.9911983;33.241663,130.984758;33.2605258,130.9638943;33.2859952,130.9522712;33.3147283,130.9129108;33.311341,130.877204;33.3347209,130.8456048;33.359878,130.807011;33.365101,130.748064;33.348833,130.6246867;33.326879,130.547574;33.2866161,130.4550954;33.211244,130.359179"
Tama,"35.7094057,139.3297588;35.6538292,139.4496828;35.6174068,139.5959038;35.794857,139.21894;35.811324,139.134073;35.7954794,139.0763028;35.792225,139.066511;35.8027238,139.0874574;35.7890604,139.0530879;35.8010178,139.0784654;35.8106512,139.1234175;35.804619,139.092398;35.8058172,139.1721463;35.811796,139.1623994;35.8142215,139.1487894;35.8010623,139.176075;35.804042,139.192537;35.801392,139.212648;35.7774166,139.2806143;35.7553998,139.3084172;35.7579045,139.2987359;35.7873552,139.2276181;35.7879957,139.2424636;35.793789,139.22402;35.780769,139.2788126;35.8130054,139.1266413;35.59427,139.6487938;35.6187685,139.593171;35.6868728,139.3926524;35.7105247,139.3300855;35.7271626,139.3269229;35.7737706,139.2928878;35.783986,139.252436;35.785138,139.247374;35.7878988,139.2273657;35.796095,139.221526;35.799945,139.216209;35.803583,139.196118;35.8012393,139.1856383;35.8064541,139.1729505;35.8123539,139.1627823;35.8139985,139.1492364;35.8145972,139.1309184;35.8117121,139.1243115;35.808827,139.1144009;35.8042195,139.1023336;35.7984142,139.0833889;35.7961267,139.0775495;35.7952869,139.0752457;35.792511,139.065717;35.789103,139.056459"
Yoneshiro,"40.145183,140.957628;40.126506,140.9145752;40.158851,140.9562;40.135419,140.927516;40.265297,140.440949;40.1221819,140.8512417;40.207112,140.270664;40.200165,140.217952;40.2540754,140.760879;40.19293,140.05043;40.20652,140.302374;40.204959,140.24095;40.235734,140.39487;40.212329,140.092419;40.1741138,140.7854897;40.26843,140.514494;40.21053,140.286541;40.2297977,140.7022451;40.223429,140.387568;40.221359,140.173564;40.2696917,140.4487987;40.21521,140.207021;40.228063,140.182371;40.227604,140.779265;40.209203,140.119766;40.224678,140.143043;40.152268,140.956911;40.138718,140.933218;40.1181081,140.8974859;40.1186488,140.852764;40.129987,140.823859;40.175902,140.784093;40.2501952,140.7512801;40.226196,140.68006;40.229635,140.584627;40.268536,140.514164;40.269542,140.452577;40.261645,140.409494;40.222696,140.386523;40.212294,140.328196;40.20893,140.288461;40.206007,140.254623;40.200242,140.236343;40.202759,140.216911;40.221561,140.198567;40.221616,140.177417;40.221175,140.135129;40.212185,140.092062;40.203386,140.080755;40.192923,140.05138;40.21777,140.034197"
Kuji,"36.97514,140.290531;36.8654661,140.4177589;37.00115,140.326209;36.97696,140.308795;36.9821912,140.3985141;37.02565,140.362407;36.853973,140.401682;36.875941,140.416709;36.855764,140.410894;36.6298241,140.403073;36.502832,140.513642;36.507117,140.462593;36.502895,140.530164;36.5516395,140.4251504;36.518565,140.458972;36.6552052,140.3944677;36.4970765,140.4842235;36.49397,140.581219;36.601615,140.414869;36.48694,140.597312;36.503523,140.517926;36.50299,140.514247;36.564941,140.41457;36.531109,140.446885;36.602623,140.414123;36.611731,140.4030153;36.6846493,140.3897466;36.736538,140.386652;36.775942,140.3562488;36.823252,140.3832863;36.8627063,140.4190888;36.919772,140.4135952;37.002797,140.394591;37.027007,140.371877;37.025245,140.36239;36.989426,140.318569;37.002816,140.328346;36.986317,140.315573;36.976441,140.29834"
Niyodo,"33.541496,133.061803;33.540139,133.091841;33.537643,133.245362;33.565143,133.345237;33.563038,133.258251;33.5273371,133.4295616;33.551791,133.248608;33.578306,133.298934;33.5580432,133.3750285;33.461956,133.480794;33.540281,133.120499;33.576692,133.17467;33.5541435,133.2175623;33.576806,133.18504;33.556119,133.133092;33.4772465,133.4608069;33.522453,133.430451;33.560607,133.372897;33.577383,133.356532;33.5720028,133.3214384;33.570186,133.29199;33.5693462,133.2504891;33.549745,133.218968;33.573644,133.200283;33.566832,133.194973;33.576865,133.177313;33.563036,133.153171;33.553287,133.132484;33.5417148,133.1182465;33.538956,133.067664;33.54062,133.039643;33.543992,133.008105;33.572779,133.001803;33.612895,132.982811;33.589962,132.991695;33.628505,132.984348;33.6718827,133.0106907;33.661318,133.010065;33.6463639,133.0032973;33.67624,133.0341454;33.6764461,133.0405655;33.6687291,133.0606884;33.6901591,133.0875778;33.677161,133.073437;33.7137076,133.0915695;33.715572,133.0950366;33.7319457,133.1080233;33.7359164,133.1203637;33.7418277,133.121236;33.7484188,133.1257954;33.7557791,133.1154177"
Ibi,"35.696741,136.479524;35.675609,136.498092;35.571951,136.4724246;35.640913,136.494208;35.666871,136.5023;35.5912528,136.4543956;35.729779,136.431759;35.749214,136.401333;35.1764782,136.6359784;35.643084,136.502766;35.697888,136.477947;35.570139,136.484224;35.734734,136.425511;35.564369,136.498573;35.747972,136.39199;35.6849437,136.4947418;35.62808,136.478541;35.3316603,136.6376658;35.299139,136.62057;35.265629,136.612896;35.455055,136.595208;35.415353,136.626316;35.5539591,136.5079325;35.520557,136.530975;35.125332,136.67073;35.4036726,136.640862;35.105657,136.668618;35.2337458,136.6166454;35.3451245,136.6533229;35.3038056,136.6258834;35.272475,136.611455;35.4640409,136.588718;35.438813,136.608996;35.4865676,136.5502417;35.5123042,136.5318507;35.529756,136.516318;35.5596736,136.5020311;35.5738246,136.4796657;35.5827835,136.4583674;35.6037971,136.4643227;35.636594,136.477548;35.639635,136.497019;35.642864,136.497847;35.662816,136.502212;35.695666,136.484694;35.697999,136.477641;35.718282,136.4465465;35.736779,136.425461;35.745146,136.413431;35.749141,136.395354;35.74989,136.39037"
Kuma,"32.340018,131.013739;32.3957722,131.010357;32.302802,130.9984613;32.2058458,130.8103525;32.319683,131.008412;32.305949,130.609786;32.3493961,130.6208744;32.420426,130.968386;32.408619,130.974655;32.432108,130.655732;32.27904,130.95773;32.2672073,130.9206641;32.434876,130.971621;32.242161,130.660703;32.433659,130.971401;32.455207,130.659059;32.3166659,130.6086016;32.365329,130.642228;32.424123,130.96812;32.210073,130.818773;32.394532,130.651797;32.398216,130.989174;32.2695726,130.934771;32.371789,131.023271;32.289812,130.9814658;32.2842261,130.9729821;32.4948492,130.6025468;32.463111,130.648798;32.431513,130.655463;32.421361,130.646886;32.387978,130.659489;32.352101,130.627547;32.2946958,130.5987189;32.272489,130.609408;32.256004,130.637855;32.248029,130.658969;32.235321,130.6945995;32.2125848,130.7576342;32.205517,130.8004879;32.222393,130.849235;32.2417757,130.8832996;32.2693979,130.9407518;32.284254,130.973831;32.319785,131.008569;32.3560748,131.0149375;32.3689833,131.0220167;32.378782,131.021606;32.398329,130.988723;32.415754,130.96939;32.431303,130.96788;32.439114,130.970052"
Sagami,"35.50325,139.376944;35.3727881,139.3709881;35.576435,139.301823;35.5199102,139.3674707;35.4135638,139.3689696;35.518382,139.370625;35.4290474,139.372621;35.4311187,138.850207;35.4426595,138.8515811;35.451883,138.844001;35.458114,138.827978;35.4557888,138.8200287;35.4565693,138.8107581;35.460495,138.8098;35.46653,138.8144446;35.473751,138.8147887;35.5006493,138.8238674;35.5096139,138.8360537;35.5235359,138.8486988;35.5317525,138.8702537;35.5383782,138.8829835;35.5471587,138.8995911;35.555999,138.905426;35.5651867,138.909497;35.5757511,138.9220045;35.5815915,138.9363766;35.5989613,138.9281252;35.6117757,138.9360507;35.6133122,138.9632079;35.6161046,138.9905154;35.602375,139.014248;35.6033226,139.037893;35.6113072,139.064095;35.6140459,139.0924301;35.615999,139.142166;35.609314,139.217521;35.589001,139.278819;35.5441125,139.324603;35.4825882,139.375073;35.416446,139.3703507;35.3556735,139.3704891"
Watarase,"36.171429,139.691433;36.2686033,139.6101513;36.2628719,139.6612754;36.2255956,139.6922915;36.185907,139.692471;36.6313101,139.4344839;36.3544505,139.3894002;36.640048,139.448061;36.623924,139.429189;36.3329328,139.4381567;36.3270744,139.455503;36.497856,139.276184;36.4523388,139.2710981;36.3859128,139.3450346;36.6034839,139.4058974;36.5753178,139.3875391;36.433048,139.281738;36.4254694,139.3062383;36.4492641,139.2831477;36.59164,139.401062;36.286792,139.529044;36.500187,139.290237;36.536907,139.358124;36.571957,139.381042;36.610341,139.406088;36.2676116,139.5796068;36.2710437,139.6317685;36.2524744,139.6709537;36.2072712,139.6919188;36.172781,139.691074;36.3023582,139.4986737;36.3199955,139.4613612;36.3399632,139.4096818;36.3686676,139.3652487;36.3802825,139.3522056;36.4261039,139.304983;36.4586532,139.2652588;36.4707437,139.2592909;36.490559,139.275208;36.499363,139.2836;36.527023,139.320374;36.536076,139.354004;36.5415069,139.3723464;36.580223,139.395218;36.597984,139.405533;36.610454,139.406127;36.618706,139.422224;36.6220976,139.4269491;36.635963,139.444191;36.4291367,139.2862295"
Yodo,"36.045854,136.514274;36.044281,136.524992;36.047911,136.501536;35.1023928,134.2010757;35.1240604,134.1993966;35.156246,134.191522;35.14464,134.191141;35.133806,134.197686;35.1316935,134.1993414;34.808716,135.620028;34.769042,135.587235;34.719283,135.506619;35.051805,134.327403;35.05281,134.34033;34.958485,135.910589;34.934108,135.913799;34.919298,135.913352;34.9075,135.869071;34.875165,135.844108;34.881531,135.820898;34.889988,135.80938;34.90373,135.797458;34.9218044,135.7874747;34.927799,135.771737;34.922053,135.756179;34.903765,135.731085;34.8786536,135.6780832;34.836451,135.647382;34.791986,135.612182;34.764294,135.583191;34.720013,135.50833"
Tedori,"36.1959588,136.6274734;36.116917,136.679196;36.123266,136.670651;36.126926,136.66509;36.14594,136.663265;36.160101,136.654961;36.183081,136.624537;36.3641115,136.611425;36.374318,136.610103;36.2982594,136.6379359;36.227786,136.637451;36.282069,136.645067;36.2953283,136.6382093;36.3231524,136.6463561;36.3464384,136.6267268;36.352589,136.624493;36.4615992,136.531755;36.45642,136.61004;36.486071,136.480879;36.394492,136.617617;36.404048,136.630976;36.446823,136.620176;36.451871,136.61836;36.45377,136.616191;36.455412,136.612542;36.4635061,136.4995272;36.4615992,136.531755;36.4603232,136.541223;36.459407,136.591431;36.446823,136.620176;36.451871,136.61836;36.45377,136.616191;36.455412,136.612542;36.410727,136.631614;36.395813,136.618001;36.365364,136.610579;36.37676,136.607382;36.359834,136.615832;36.3561311,136.6206395;36.342039,136.634191;36.3345236,136.6425972;36.3154207,136.648188;36.274304,136.6468159;36.2678027,136.6484555;36.212028,136.630751;36.1739908,136.6274021;36.158895,136.659074;36.127767,136.663143;36.146823,136.663209;36.114457,136.68197;36.114931,136.699076"
Kano,"34.961186,138.940281;34.9669889,138.9462464;35.0982757,138.8992522;34.94976,138.93602;34.925806,138.932864;35.0753385,138.921418;34.959916,138.944296;35.0739396,138.9238694;34.9990378,138.9339125;35.0701705,138.935409;35.0583603,138.9398577;34.9812846,138.9500514;35.068705,138.927;35.094996,138.858821;34.9191081,138.9301215;34.889605,138.9281647;34.8920248,138.9228414;35.0825009,138.9080751;35.0513721,138.9384648;35.038716,138.9412996;34.9119703,138.9254741;34.935671,138.935447;35.029971,138.9466173;34.9387289,138.933217;35.093446,138.8996864;34.9184136,138.9255555;34.8900256,138.9266809;34.8942692,138.9227813;34.9061846,138.9260429;34.9119703,138.9254741;34.9190469,138.9297901;34.924672,138.932296;34.9316469,138.9344276;34.941273,138.931473;34.951398,138.942113;34.961382,138.939987;34.967225,138.946158;34.979735,138.948634;34.991467,138.9421459;35.004775,138.9353273;35.0211873,138.9378309;35.0355085,138.947275;35.04537,138.9346908;35.0557819,138.9401162;35.0659659,138.9365321;35.0714456,138.9222789;35.078945,138.912919;35.086617,138.905269;35.0982757,138.8992522;35.1008766,138.8836831;35.094996,138.858821;35.0799842,138.8560034"
Katsura,"35.4955579,136.5553301;34.2640105,136.4896362;34.531661,134.288203;35.145271,135.57133;35.0174814,135.6312577;35.0115412,135.6863284;35.218125,135.777861;35.183693,135.670037;35.0546171,135.5500057;35.098197,135.513718;35.196567,135.682493;35.166815,135.644784;35.19691,135.704024;35.141057,135.638616;35.195658,135.709169;34.9990171,135.7044717;35.1144324,135.5175644;35.243868,135.767381;35.20716,135.775486;35.207115,135.734204;35.199028,135.710208;35.186367,135.675736;35.145477,135.637758;35.138584,135.60173;35.130764,135.559729;35.1456414,135.4960401;35.0722847,135.5356325;35.018433,135.6258105;35.018534,135.657633;34.952615,135.731923"
Kamo,"35.128493,137.629215;34.4866783,133.8741713;34.5629355,133.9312497;34.48324,133.8734996;35.093778,135.741577;35.083938,135.74519;35.102913,135.739342;35.086364,135.743627;35.106925,135.727358;34.9419808,135.7417603;35.0565437,135.7515591;34.9958553,135.7679284;34.977724,135.058546;34.986704,135.055316;34.967202,135.058396;34.945383,135.070833;35.317562,136.018939;35.28626,135.935696;35.286396,135.9365;35.26515,135.916935;35.3129726,135.993104;34.562977,133.9313387;34.9539064,135.7429647;35.0575549,135.7508288;35.0771658,135.7418752;35.086354,135.741507;35.090137,135.739852;35.101172,135.739589;35.105263,135.73008;35.1132244,135.7207295;35.3092085,136.041016;35.31818,136.010821;35.316274,135.963815;35.288035,135.938595;35.2655,135.90648;35.267951,135.917918"
Uji,"34.8814507,135.6797026;34.927802,135.772084;34.9259209,135.7666413;34.924404,135.761316;34.921967,135.75596;34.9049179,135.7323887;34.9060888,135.7961317;34.912365,135.790002;34.919294,135.789748;34.9244347,135.7844148;34.9276877,135.7786408;34.888351,135.860045;34.885562,135.814436;34.889988,135.80938;34.895416,135.803578;34.900334,135.800675;34.883648,135.857473;34.871191,135.843686;34.878415,135.8295;34.882413,135.824175;34.882096,135.818818;34.897789,135.722924;34.894436,135.711069;34.920418,135.752905;34.919078,135.743998;34.6891582,135.1730482;34.6808917,135.183473;34.6904957,135.174393;34.6898436,135.1731558;34.6922839,135.1768687;34.6939424,135.1780181"
Omono,"39.1294284,140.4810455;39.5408,140.245712;39.653008,140.128415;39.179959,140.4634869;39.156607,140.4779505;39.2345244,140.4332558;39.562902,140.322248;39.0524299,140.3947992;39.481182,140.445669;39.545019,140.272162;39.2020262,140.4498692;39.3815528,140.4605812;39.070416,140.445275;39.09186,140.472605;39.5110471,140.358384;39.4896665,140.3911866;39.0526255,140.4079958;39.0511596,140.4249933;39.529733,140.366532;39.676036,140.104885;39.3251591,140.4233768;39.533067,140.274347;39.4195106,140.4812126;39.553397,140.355655;39.1051443,140.4777343;39.2331148,140.433013;39.054497,140.405451;39.0492654,140.4193753;39.0575357,140.4348104;39.075107,140.4536547;39.1005736,140.475582;39.1312724,140.4820988;39.1695122,140.4740059;39.1942234,140.4501088;39.232539,140.43571;39.269823,140.398241;39.325808,140.423669;39.3815528,140.4605812;39.440855,140.4744116;39.478748,140.451196;39.488058,140.40266;39.501677,140.377188;39.5212,140.361848;39.5573,140.347628;39.562679,140.320384;39.561145,140.282311;39.518836,140.278214;39.521442,140.248328;39.54056,140.211158;39.588045,140.182893;39.658528,140.122995"
Shirakawa,"32.068736,130.733071;32.819837,131.058911;32.774929,130.691143;32.872202,130.9374;32.8611246,130.9957384;32.853477,130.82758;32.834284,130.763511;32.872246,130.9908791;32.81158,130.73808;32.8414865,131.0198529;33.752421,130.932336;32.799572,130.713041;32.828959,130.756366;32.854549,130.857517;32.845643,130.784734;32.868552,130.934276;32.863938,130.996079;32.831249,131.032433;32.818866,131.086269;32.839413,131.129571"
Monobe,"33.676184,133.831988;33.813398,134.019297;33.693617,133.885294;33.7296752,133.9634834;33.744812,133.997782;33.798744,134.013069;33.560587,133.682015;33.7736166,134.0302503;33.779086,134.019844;33.738208,133.99141;33.70657,133.8640434;33.738543,133.985535;33.788915,134.018204;33.718928,133.932113;33.6383799,133.7305061;33.681367,133.839561;33.794574,134.017199;33.762003,134.032919;33.701583,133.865639;33.7306781,133.9613241;33.709711,133.904759;33.7702921,134.030863;33.756674,134.02583;33.74914,134.01257;33.746261,134.00942;33.6383658,133.7303635;33.5351938,133.6851906;33.615612,133.71396;33.638819,133.734552;33.655073,133.779391;33.661641,133.813611;33.683018,133.841273;33.690136,133.848273;33.700308,133.86864;33.699085,133.884868;33.705139,133.903687;33.7228699,133.9487041;33.734644,133.970759;33.736857,133.97231;33.742555,133.993095;33.746166,134.009699;33.751838,134.015613;33.7625401,134.0308095;33.7693075,134.0319442;33.774859,134.024742;33.78125,134.019601;33.790442,134.019392;33.796112,134.018487;33.797714,134.015934;33.816683,134.023751;33.807869,134.016362"
Kurobe,"36.412546,137.551296;36.428481,137.546773;36.430776,137.562031;36.4772896,137.571297;36.5005207,137.6280418;36.9150983,137.4377191;36.9069766,137.4450861;36.6072256,137.6842998;36.5728131,137.666649;36.6026127,137.678862;36.6417411,137.6869029;36.6861213,137.6642687;36.6805254,137.6698901;36.6977044,137.65837;36.735144,137.652048;36.766569,137.632737;36.8087419,137.5905764;36.8456657,137.5639688;36.859965,137.554254;36.5456363,137.6562825;36.4932414,137.594144;36.400391,137.580839;36.404372,137.562111;36.418032,137.54603;36.4308668,137.5623777;36.4630775,137.5722709;36.4857587,137.5740221;36.4935895,137.6067969;36.5040371,137.6330671;36.5757957,137.6662554;36.5874574,137.6747417;36.6078479,137.685484;36.6321784,137.6897487;36.6515976,137.6861594;36.6715755,137.6808707;36.685037,137.665168;36.7092457,137.6483442;36.7390634,137.6449271;36.7714234,137.6306239;36.7911117,137.6119565;36.8186256,137.5803012;36.8659389,137.546239;36.9077607,137.4440725"
Kuzuryu,"36.0788396,136.4166179;36.1065067,136.2597957;36.102471,136.197667;36.1102919,136.1788559;36.138927,136.175111;36.1813368,136.1531545;36.1006817,136.2788387;36.103739,136.323929;36.2189682,136.1387157;35.9683021,136.591349;35.975313,136.56527;36.0110118,136.5360237;35.9944263,136.5538849;35.904844,136.668961;35.927237,136.635609;35.936662,136.635743;35.9218711,136.6273989;35.875681,136.715578;35.9578711,136.6236049;35.9603116,136.6124354;36.0745347,136.4479244;35.871245,136.807166;35.877592,136.788183;35.872546,136.797861;35.871178,136.822738;35.868975,136.824032;36.138047,136.175895;36.124839,136.172911;36.113978,136.173303;36.109854,136.186465;36.1097369,136.2503766;36.1030168,136.2716207;36.102688,136.328075;36.0848169,136.3989468;36.0623455,136.491969;36.013225,136.533288;35.9941486,136.5539555;35.97022,136.590359;35.973067,136.5681284;35.957733,136.614049;35.94851,136.639316;35.926487,136.63451;35.939658,136.634625;35.9231431,136.64118;35.9027959,136.6479859;35.894176,136.677958;35.877466,136.774748;35.875136,136.788557;35.871251,136.809428;35.870817,136.822385;35.868462,136.823693"
Hayatsuki,"36.6647265,137.4783394;36.6723976,137.4619156;36.726834,137.438523;36.7330571,137.4339999;36.743695,137.428636;36.678371,137.455569;36.685329,137.449278;36.691078,137.444404;36.705221,137.441638;36.7175819,137.4421902;36.7670621,137.4081193;36.7788813,137.3990016;36.7904384,137.3909558;36.752944,137.421437;36.759167,137.4129973;36.795786,137.387486;36.65052,137.548764;36.651251,137.508466;36.65092,137.548492;36.650047,137.544254;36.648498,137.537349;36.646525,137.533139;36.64606,137.524302;36.654033,137.505609;36.663147,137.484514;36.79151,137.389247;36.7991784,137.3831156;36.7695341,137.4054586;36.781959,137.397289;36.7583879,137.4134943;36.752944,137.421437;36.746494,137.426774;36.72818,137.436964;36.7343342,137.4340148;36.744145,137.428524;36.7065331,137.4416848;36.722162,137.4426601;36.698209,137.443279;36.68628,137.448556;36.6936573,137.4436117;36.6655713,137.4753025;36.6752677,137.4592308;36.662684,137.485435;36.649572,137.514248;36.652089,137.507537;36.64606,137.524302;36.65092,137.548492;36.650047,137.544254;36.648498,137.537349;36.646525,137.533139;36.65052,137.548764"
Kumano,"34.208012,135.909485;34.1056689,135.7711085;34.225442,135.880346;34.1796506,135.7414125;34.198654,135.806584;34.19799,135.822235;34.029105,135.785176;34.223634,135.895452;34.048734,135.765039;34.206805,135.82743;33.637538,135.527183;33.7138318,135.6191933;33.7839426,135.8989869;33.767188,135.914268;34.1947807,135.7774224;33.7353986,135.9739787;33.8021815,135.8866841;33.8669213,135.7728283;33.9694316,135.7989526;34.015792,135.798321;34.084061,135.757637;34.1618923,135.7501324;34.203988,135.750475;34.194123,135.801996;34.205293,135.825209;34.237554,135.862708;34.225637,135.890389;34.207326,135.915746;33.789322,135.450995;33.685186,135.58281"
Kiku,"34.6423662,137.2790086;34.7762772,138.1126;34.7713478,138.1063068;34.785867,138.1282856;34.7834705,138.121412;34.722726,138.08246;34.836425,138.089425;34.833446,138.093233;34.8197449,138.1088204;34.8109977,138.1141449;34.8017732,138.1205371;34.7941204,138.1238775;34.7884945,138.1268354;34.775701,138.110096;34.7704157,138.0966191;34.7606765,138.0926951;34.758913,138.091252;34.734248,138.086933;34.7037037,138.0773928;34.824719,138.096661;34.8225,138.100987;35.3236325,139.1693634;34.834116,138.095416;34.6381006,137.2781235;35.3190609,139.1636137;34.665231,138.059613;34.688418,138.0743427;34.708853,138.07643;34.728431,138.0818;34.7433873,138.0890568;34.767292,138.0956346;34.7696213,138.1039945;34.775469,138.109689;34.7749602,138.1115629;34.7850316,138.1246198;34.8216308,138.105447;34.8140881,138.111971;34.8063117,138.1195032;34.7947213,138.1221997;34.7910422,138.1265492;34.824658,138.096732;34.822351,138.10103;34.831053,138.098376;34.839049,138.087561;34.834713,138.090844;34.8333408,138.0949027"
